Model,Accuracy,Precision,Recall,F1,ROC AUC
Logistic Regression,0.9736842105263158,0.975609756097561,0.9523809523809523,0.963855421686747,0.996031746031746
